id,city,date,player_of_match,venue,neutral_venue,team1,team2,toss_winner,toss_decision,winner,result,result_margin,eliminator,method,umpire1,umpire2
1082612,Indore,2017-04-20,JC Buttler,Holkar Cricket Stadium,0,Kings XI Punjab,Mumbai Indians,Mumbai Indians,field,Mumbai Indians,wickets,8,N,NA,M Erasmus,C Shamshuddin
1082613,Kolkata,2017-04-21,SK Raina,Eden Gardens,0,Kolkata Knight Riders,Gujarat Lions,Gujarat Lions,field,Gujarat Lions,wickets,4,N,NA,CB Gaffaney,Nitin Menon
1082614,Mumbai,2017-04-22,MJ McClenaghan,Wankhede Stadium,0,Mumbai Indians,Delhi Daredevils,Delhi Daredevils,field,Mumbai Indians,runs,14,N,NA,A Nand Kishore,S Ravi
1082615,Pune,2017-04-22,MS Dhoni,Maharashtra Cricket Association Stadium,0,Rising Pune Supergiant,Sunrisers Hyderabad,Rising Pune Supergiant,field,Rising Pune Supergiant,wickets,6,N,NA,AY Dandekar,A Deshmukh
1082616,Rajkot,2017-04-23,HM Amla,Saurashtra Cricket Association Stadium,0,Gujarat Lions,Kings XI Punjab,Gujarat Lions,field,Kings XI Punjab,runs,26,N,NA,AK Chaudhary,M Erasmus
1082617,Kolkata,2017-04-23,NM Coulter-Nile,Eden Gardens,0,Kolkata Knight Riders,Royal Challengers Bangalore,Royal Challengers Bangalore,field,Kolkata Knight Riders,runs,82,N,NA,CB Gaffaney,CK Nandan
1082618,Mumbai,2017-04-24,BA Stokes,Wankhede Stadium,0,Mumbai Indians,Rising Pune Supergiant,Mumbai Indians,field,Rising Pune Supergiant,runs,3,N,NA,A Nand Kishore,S Ravi
1082620,Pune,2017-04-26,RV Uthappa,Maharashtra Cricket Association Stadium,0,Rising Pune Supergiant,Kolkata Knight Riders,Kolkata Knight Riders,field,Kolkata Knight Riders,wickets,7,N,NA,AY Dandekar,NJ Llong
1082621,Bangalore,2017-04-27,AJ Tye,M Chinnaswamy Stadium,0,Royal Challengers Bangalore,Gujarat Lions,Gujarat Lions,field,Gujarat Lions,wickets,7,N,NA,AK Chaudhary,C Shamshuddin
1082622,Kolkata,2017-04-28,G Gambhir,Eden Gardens,0,Kolkata Knight Riders,Delhi Daredevils,Kolkata Knight Riders,field,Kolkata Knight Riders,wickets,7,N,NA,NJ Llong,S Ravi
1082623,Chandigarh,2017-04-28,Rashid Khan,"Punjab Cricket Association IS Bindra Stadium, Mohali",0,Kings XI Punjab,Sunrisers Hyderabad,Kings XI Punjab,field,Sunrisers Hyderabad,runs,26,N,NA,Nitin Menon,CK Nandan
1082624,Pune,2017-04-29,LH Ferguson,Maharashtra Cricket Association Stadium,0,Rising Pune Supergiant,Royal Challengers Bangalore,Royal Challengers Bangalore,field,Rising Pune Supergiant,runs,61,N,NA,KN Ananthapadmanabhan,M Erasmus
1082625,Rajkot,2017-04-29,KH Pandya,Saurashtra Cricket Association Stadium,0,Gujarat Lions,Mumbai Indians,Gujarat Lions,bat,Mumbai Indians,tie,NA,Y,NA,AK Chaudhary,CB Gaffaney
1082626,Chandigarh,2017-04-30,Sandeep Sharma,"Punjab Cricket Association IS Bindra Stadium, Mohali",0,Kings XI Punjab,Delhi Daredevils,Kings XI Punjab,field,Kings XI Punjab,wickets,10,N,NA,YC Barde,CK Nandan
1082627,Hyderabad,2017-04-30,DA Warner,"Rajiv Gandhi International Stadium, Uppal",0,Sunrisers Hyderabad,Kolkata Knight Riders,Kolkata Knight Riders,field,Sunrisers Hyderabad,runs,48,N,NA,AY Dandekar,S Ravi
1082628,Mumbai,2017-05-01,RG Sharma,Wankhede Stadium,0,Mumbai Indians,Royal Challengers Bangalore,Royal Challengers Bangalore,bat,Mumbai Indians,wickets,5,N,NA,AK Chaudhary,CB Gaffaney
1082629,Pune,2017-05-01,BA Stokes,Maharashtra Cricket Association Stadium,0,Rising Pune Supergiant,Gujarat Lions,Rising Pune Supergiant,field,Rising Pune Supergiant,wickets,5,N,NA,M Erasmus,C Shamshuddin
1082630,Delhi,2017-05-02,Mohammed Shami,Feroz Shah Kotla,0,Delhi Daredevils,Sunrisers Hyderabad,Delhi Daredevils,field,Delhi Daredevils,wickets,6,N,NA,YC Barde,Nitin Menon
1082631,Kolkata,2017-05-03,RA Tripathi,Eden Gardens,0,Kolkata Knight Riders,Rising Pune Supergiant,Rising Pune Supergiant,field,Rising Pune Supergiant,wickets,4,N,NA,KN Ananthapadmanabhan,A Nand Kishore
1082632,Delhi,2017-05-04,RR Pant,Feroz Shah Kotla,0,Delhi Daredevils,Gujarat Lions,Delhi Daredevils,field,Delhi Daredevils,wickets,7,N,NA,M Erasmus,Nitin Menon
1082633,Bangalore,2017-05-05,Sandeep Sharma,M Chinnaswamy Stadium,0,Royal Challengers Bangalore,Kings XI Punjab,Royal Challengers Bangalore,field,Kings XI Punjab,runs,19,N,NA,CB Gaffaney,C Shamshuddin
1082634,Hyderabad,2017-05-06,JD Unadkat,"Rajiv Gandhi International Stadium, Uppal",0,Sunrisers Hyderabad,Rising Pune Supergiant,Sunrisers Hyderabad,field,Rising Pune Supergiant,runs,12,N,NA,KN Ananthapadmanabhan,AK Chaudhary
1082635,Delhi,2017-05-06,LMP Simmons,Feroz Shah Kotla,0,Delhi Daredevils,Mumbai Indians,Delhi Daredevils,field,Mumbai Indians,runs,146,N,NA,Nitin Menon,CK Nandan
1082636,Bangalore,2017-05-07,SP Narine,M Chinnaswamy Stadium,0,Royal Challengers Bangalore,Kolkata Knight Riders,Kolkata Knight Riders,field,Kolkata Knight Riders,wickets,6,N,NA,AY Dandekar,C Shamshuddin
1082637,Chandigarh,2017-05-07,DR Smith,"Punjab Cricket Association IS Bindra Stadium, Mohali",0,Kings XI Punjab,Gujarat Lions,Gujarat Lions,field,Gujarat Lions,wickets,6,N,NA,A Nand Kishore,VK Sharma
1082638,Hyderabad,2017-05-08,S Dhawan,"Rajiv Gandhi International Stadium, Uppal",0,Sunrisers Hyderabad,Mumbai Indians,Mumbai Indians,bat,Sunrisers Hyderabad,wickets,7,N,NA,KN Ananthapadmanabhan,M Erasmus
1082639,Chandigarh,2017-05-09,MM Sharma,"Punjab Cricket Association IS Bindra Stadium, Mohali",0,Kings XI Punjab,Kolkata Knight Riders,Kolkata Knight Riders,field,Kings XI Punjab,runs,14,N,NA,A Nand Kishore,S Ravi
1082640,Kanpur,2017-05-10,SS Iyer,Green Park,0,Gujarat Lions,Delhi Daredevils,Delhi Daredevils,field,Delhi Daredevils,wickets,2,N,NA,YC Barde,AK Chaudhary
1082641,Mumbai,2017-05-11,WP Saha,Wankhede Stadium,0,Mumbai Indians,Kings XI Punjab,Mumbai Indians,field,Kings XI Punjab,runs,7,N,NA,A Deshmukh,A Nand Kishore
1082642,Delhi,2017-05-12,KK Nair,Feroz Shah Kotla,0,Delhi Daredevils,Rising Pune Supergiant,Delhi Daredevils,bat,Delhi Daredevils,runs,7,N,NA,KN Ananthapadmanabhan,CK Nandan
1082643,Kanpur,2017-05-13,Mohammed Siraj,Green Park,0,Gujarat Lions,Sunrisers Hyderabad,Sunrisers Hyderabad,field,Sunrisers Hyderabad,wickets,8,N,NA,AK Chaudhary,Nitin Menon
1082644,Kolkata,2017-05-13,AT Rayudu,Eden Gardens,0,Kolkata Knight Riders,Mumbai Indians,Kolkata Knight Riders,field,Mumbai Indians,runs,9,N,NA,A Nand Kishore,S Ravi
1082645,Pune,2017-05-14,JD Unadkat,Maharashtra Cricket Association Stadium,0,Rising Pune Supergiant,Kings XI Punjab,Rising Pune Supergiant,field,Rising Pune Supergiant,wickets,9,N,NA,AY Dandekar,A Deshmukh
1082646,Delhi,2017-05-14,HV Patel,Feroz Shah Kotla,0,Delhi Daredevils,Royal Challengers Bangalore,Royal Challengers Bangalore,bat,Royal Challengers Bangalore,runs,10,N,NA,CK Nandan,C Shamshuddin
1082647,Mumbai,2017-05-16,Washington Sundar,Wankhede Stadium,0,Mumbai Indians,Rising Pune Supergiant,Mumbai Indians,field,Rising Pune Supergiant,runs,20,N,NA,S Ravi,C Shamshuddin
1082648,Bangalore,2017-05-17,NM Coulter-Nile,M Chinnaswamy Stadium,0,Sunrisers Hyderabad,Kolkata Knight Riders,Kolkata Knight Riders,field,Kolkata Knight Riders,wickets,7,N,D/L,AK Chaudhary,Nitin Menon
1082649,Bangalore,2017-05-19,KV Sharma,M Chinnaswamy Stadium,0,Mumbai Indians,Kolkata Knight Riders,Mumbai Indians,field,Mumbai Indians,wickets,6,N,NA,NJ Llong,Nitin Menon
1082650,Hyderabad,2017-05-21,KH Pandya,"Rajiv Gandhi International Stadium, Uppal",0,Mumbai Indians,Rising Pune Supergiant,Mumbai Indians,bat,Mumbai Indians,runs,1,N,NA,NJ Llong,S Ravi
1136561,Mumbai,2018-04-07,DJ Bravo,Wankhede Stadium,0,Mumbai Indians,Chennai Super Kings,Chennai Super Kings,field,Chennai Super Kings,wickets,1,N,NA,CB Gaffaney,A Nand Kishore
1136562,Chandigarh,2018-04-08,KL Rahul,"Punjab Cricket Association IS Bindra Stadium, Mohali",0,Kings XI Punjab,Delhi Daredevils,Kings XI Punjab,field,Kings XI Punjab,wickets,6,N,NA,KN Ananthapadmanabhan,RJ Tucker
1136563,Kolkata,2018-04-08,SP Narine,Eden Gardens,0,Kolkata Knight Riders,Royal Challengers Bangalore,Kolkata Knight Riders,field,Kolkata Knight Riders,wickets,4,N,NA,C Shamshuddin,A Deshmukh
1136564,Hyderabad,2018-04-09,S Dhawan,"Rajiv Gandhi International Stadium, Uppal",0,Sunrisers Hyderabad,Rajasthan Royals,Sunrisers Hyderabad,field,Sunrisers Hyderabad,wickets,9,N,NA,VA Kulkarni,NJ Llong
1136565,Chennai,2018-04-10,SW Billings,"MA Chidambaram Stadium, Chepauk",0,Chennai Super Kings,Kolkata Knight Riders,Chennai Super Kings,field,Chennai Super Kings,wickets,5,N,NA,CB Gaffaney,AK Chaudhary
1136566,Jaipur,2018-04-11,SV Samson,Sawai Mansingh Stadium,0,Rajasthan Royals,Delhi Daredevils,Delhi Daredevils,field,Rajasthan Royals,runs,10,N,D/L,KN Ananthapadmanabhan,Nitin Menon
1136567,Hyderabad,2018-04-12,Rashid Khan,"Rajiv Gandhi International Stadium, Uppal",0,Sunrisers Hyderabad,Mumbai Indians,Sunrisers Hyderabad,field,Sunrisers Hyderabad,wickets,1,N,NA,NJ Llong,CK Nandan
1136568,Bengaluru,2018-04-13,UT Yadav,M.Chinnaswamy Stadium,0,Royal Challengers Bangalore,Kings XI Punjab,Royal Challengers Bangalore,field,Royal Challengers Bangalore,wickets,4,N,NA,A Deshmukh,S Ravi
1136569,Mumbai,2018-04-14,JJ Roy,Wankhede Stadium,0,Mumbai Indians,Delhi Daredevils,Delhi Daredevils,field,Delhi Daredevils,wickets,7,N,NA,KN Ananthapadmanabhan,Nitin Menon
1136570,Kolkata,2018-04-14,B Stanlake,Eden Gardens,0,Kolkata Knight Riders,Sunrisers Hyderabad,Sunrisers Hyderabad,field,Sunrisers Hyderabad,wickets,5,N,NA,AK Chaudhary,A Nand Kishore
1136571,Bengaluru,2018-04-15,SV Samson,M.Chinnaswamy Stadium,0,Royal Challengers Bangalore,Rajasthan Royals,Royal Challengers Bangalore,field,Rajasthan Royals,runs,19,N,NA,C Shamshuddin,S Ravi
1136572,Chandigarh,2018-04-15,CH Gayle,"Punjab Cricket Association IS Bindra Stadium, Mohali",0,Kings XI Punjab,Chennai Super Kings,Chennai Super Kings,field,Kings XI Punjab,runs,4,N,NA,VA Kulkarni,CK Nandan
1136573,Kolkata,2018-04-16,N Rana,Eden Gardens,0,Kolkata Knight Riders,Delhi Daredevils,Delhi Daredevils,field,Kolkata Knight Riders,runs,71,N,NA,AK Chaudhary,A Nand Kishore
1136574,Mumbai,2018-04-17,RG Sharma,Wankhede Stadium,0,Mumbai Indians,Royal Challengers Bangalore,Royal Challengers Bangalore,field,Mumbai Indians,runs,46,N,NA,RJ Tucker,Nitin Menon
1136575,Jaipur,2018-04-18,N Rana,Sawai Mansingh Stadium,0,Rajasthan Royals,Kolkata Knight Riders,Kolkata Knight Riders,field,Kolkata Knight Riders,wickets,7,N,NA,A Deshmukh,S Ravi
1136576,Chandigarh,2018-04-19,CH Gayle,"Punjab Cricket Association IS Bindra Stadium, Mohali",0,Kings XI Punjab,Sunrisers Hyderabad,Kings XI Punjab,bat,Kings XI Punjab,runs,15,N,NA,NJ Llong,AK Chaudhary
1136577,Pune,2018-04-20,SR Watson,Maharashtra Cricket Association Stadium,0,Chennai Super Kings,Rajasthan Royals,Rajasthan Royals,field,Chennai Super Kings,runs,64,N,NA,KN Ananthapadmanabhan,Nitin Menon
1136578,Kolkata,2018-04-21,KL Rahul,Eden Gardens,0,Kolkata Knight Riders,Kings XI Punjab,Kings XI Punjab,field,Kings XI Punjab,wickets,9,N,D/L,C Shamshuddin,A Deshmukh
1136579,Bengaluru,2018-04-21,AB de Villiers,M.Chinnaswamy Stadium,0,Royal Challengers Bangalore,Delhi Daredevils,Royal Challengers Bangalore,field,Royal Challengers Bangalore,wickets,6,N,NA,CB Gaffaney,CK Nandan
1136580,Hyderabad,2018-04-22,AT Rayudu,"Rajiv Gandhi International Stadium, Uppal",0,Sunrisers Hyderabad,Chennai Super Kings,Sunrisers Hyderabad,field,Chennai Super Kings,runs,4,N,NA,VA Kulkarni,AK Chaudhary
1136581,Jaipur,2018-04-22,JC Archer,Sawai Mansingh Stadium,0,Rajasthan Royals,Mumbai Indians,Mumbai Indians,bat,Rajasthan Royals,wickets,3,N,NA,KN Ananthapadmanabhan,RJ Tucker
1136582,Delhi,2018-04-23,AS Rajpoot,Feroz Shah Kotla,0,Delhi Daredevils,Kings XI Punjab,Delhi Daredevils,field,Kings XI Punjab,runs,4,N,NA,A Nand Kishore,CK Nandan
1136583,Mumbai,2018-04-24,Rashid Khan,Wankhede Stadium,0,Mumbai Indians,Sunrisers Hyderabad,Mumbai Indians,field,Sunrisers Hyderabad,runs,31,N,NA,C Shamshuddin,S Ravi
1136584,Bengaluru,2018-04-25,MS Dhoni,M.Chinnaswamy Stadium,0,Royal Challengers Bangalore,Chennai Super Kings,Chennai Super Kings,field,Chennai Super Kings,wickets,5,N,NA,NJ Llong,VK Sharma
1136585,Hyderabad,2018-04-26,AS Rajpoot,"Rajiv Gandhi International Stadium, Uppal",0,Sunrisers Hyderabad,Kings XI Punjab,Kings XI Punjab,field,Sunrisers Hyderabad,runs,13,N,NA,YC Barde,CK Nandan
1136586,Delhi,2018-04-27,SS Iyer,Feroz Shah Kotla,0,Delhi Daredevils,Kolkata Knight Riders,Kolkata Knight Riders,field,Delhi Daredevils,runs,55,N,NA,C Shamshuddin,S Ravi
1136587,Pune,2018-04-28,RG Sharma,Maharashtra Cricket Association Stadium,0,Chennai Super Kings,Mumbai Indians,Mumbai Indians,field,Mumbai Indians,wickets,8,N,NA,CB Gaffaney,Nitin Menon
1136588,Jaipur,2018-04-29,KS Williamson,Sawai Mansingh Stadium,0,Rajasthan Royals,Sunrisers Hyderabad,Sunrisers Hyderabad,bat,Sunrisers Hyderabad,runs,11,N,NA,BNJ Oxenford,A Nand Kishore
1136589,Bengaluru,2018-04-29,CA Lynn,M.Chinnaswamy Stadium,0,Royal Challengers Bangalore,Kolkata Knight Riders,Kolkata Knight Riders,field,Kolkata Knight Riders,wickets,6,N,NA,NJ Llong,AK Chaudhary
1136590,Pune,2018-04-30,SR Watson,Maharashtra Cricket Association Stadium,0,Chennai Super Kings,Delhi Daredevils,Delhi Daredevils,field,Chennai Super Kings,runs,13,N,NA,AY Dandekar,C Shamshuddin
1136591,Bengaluru,2018-05-01,TG Southee,M.Chinnaswamy Stadium,0,Royal Challengers Bangalore,Mumbai Indians,Mumbai Indians,field,Royal Challengers Bangalore,runs,14,N,NA,M Erasmus,Nitin Menon
1136592,Delhi,2018-05-02,RR Pant,Feroz Shah Kotla,0,Delhi Daredevils,Rajasthan Royals,Rajasthan Royals,field,Delhi Daredevils,runs,4,N,D/L,VK Sharma,CK Nandan
1136593,Kolkata,2018-05-03,SP Narine,Eden Gardens,0,Kolkata Knight Riders,Chennai Super Kings,Kolkata Knight Riders,field,Kolkata Knight Riders,wickets,6,N,NA,HDPK Dharmasena,A Deshmukh
1136594,Indore,2018-05-04,SA Yadav,Holkar Cricket Stadium,0,Kings XI Punjab,Mumbai Indians,Mumbai Indians,field,Mumbai Indians,wickets,6,N,NA,AY Dandekar,S Ravi
1136595,Pune,2018-05-05,RA Jadeja,Maharashtra Cricket Association Stadium,0,Chennai Super Kings,Royal Challengers Bangalore,Chennai Super Kings,field,Chennai Super Kings,wickets,6,N,NA,Nitin Menon,YC Barde
1136596,Hyderabad,2018-05-05,Rashid Khan,"Rajiv Gandhi International Stadium, Uppal",0,Sunrisers Hyderabad,Delhi Daredevils,Delhi Daredevils,bat,Sunrisers Hyderabad,wickets,7,N,NA,BNJ Oxenford,CK Nandan
1136597,Mumbai,2018-05-06,HH Pandya,Wankhede Stadium,0,Mumbai Indians,Kolkata Knight Riders,Kolkata Knight Riders,field,Mumbai Indians,runs,13,N,NA,HDPK Dharmasena,A Deshmukh
1136598,Indore,2018-05-06,Mujeeb Ur Rahman,Holkar Cricket Stadium,0,Kings XI Punjab,Rajasthan Royals,Kings XI Punjab,field,Kings XI Punjab,wickets,6,N,NA,C Shamshuddin,S Ravi
1136599,Hyderabad,2018-05-07,KS Williamson,"Rajiv Gandhi International Stadium, Uppal",0,Sunrisers Hyderabad,Royal Challengers Bangalore,Royal Challengers Bangalore,field,Sunrisers Hyderabad,runs,5,N,NA,BNJ Oxenford,VK Sharma
1136600,Jaipur,2018-05-08,JC Buttler,Sawai Mansingh Stadium,0,Rajasthan Royals,Kings XI Punjab,Rajasthan Royals,bat,Rajasthan Royals,runs,15,N,NA,M Erasmus,Nitin Menon
1136601,Kolkata,2018-05-09,Ishan Kishan,Eden Gardens,0,Kolkata Knight Riders,Mumbai Indians,Kolkata Knight Riders,field,Mumbai Indians,runs,102,N,NA,KN Ananthapadmanabhan,AK Chaudhary
1136602,Delhi,2018-05-10,S Dhawan,Feroz Shah Kotla,0,Delhi Daredevils,Sunrisers Hyderabad,Delhi Daredevils,bat,Sunrisers Hyderabad,wickets,9,N,NA,AY Dandekar,C Shamshuddin
1136603,Jaipur,2018-05-11,JC Buttler,Sawai Mansingh Stadium,0,Rajasthan Royals,Chennai Super Kings,Chennai Super Kings,bat,Rajasthan Royals,wickets,4,N,NA,M Erasmus,YC Barde
1136604,Indore,2018-05-12,SP Narine,Holkar Cricket Stadium,0,Kings XI Punjab,Kolkata Knight Riders,Kings XI Punjab,field,Kolkata Knight Riders,runs,31,N,NA,VK Sharma,CK Nandan
1136605,Delhi,2018-05-12,AB de Villiers,Feroz Shah Kotla,0,Delhi Daredevils,Royal Challengers Bangalore,Royal Challengers Bangalore,field,Royal Challengers Bangalore,wickets,5,N,NA,KN Ananthapadmanabhan,HDPK Dharmasena
1136606,Pune,2018-05-13,AT Rayudu,Maharashtra Cricket Association Stadium,0,Chennai Super Kings,Sunrisers Hyderabad,Chennai Super Kings,field,Chennai Super Kings,wickets,8,N,NA,M Erasmus,YC Barde
1136607,Mumbai,2018-05-13,JC Buttler,Wankhede Stadium,0,Mumbai Indians,Rajasthan Royals,Rajasthan Royals,field,Rajasthan Royals,wickets,7,N,NA,Nitin Menon,S Ravi
1136608,Indore,2018-05-14,UT Yadav,Holkar Cricket Stadium,0,Kings XI Punjab,Royal Challengers Bangalore,Royal Challengers Bangalore,field,Royal Challengers Bangalore,wickets,10,N,NA,BNJ Oxenford,VK Sharma
1136609,Kolkata,2018-05-15,Kuldeep Yadav,Eden Gardens,0,Kolkata Knight Riders,Rajasthan Royals,Kolkata Knight Riders,field,Kolkata Knight Riders,wickets,6,N,NA,HDPK Dharmasena,AK Chaudhary
1136610,Mumbai,2018-05-16,JJ Bumrah,Wankhede Stadium,0,Mumbai Indians,Kings XI Punjab,Kings XI Punjab,field,Mumbai Indians,runs,3,N,NA,M Erasmus,Nitin Menon
1136611,Bengaluru,2018-05-17,AB de Villiers,M.Chinnaswamy Stadium,0,Royal Challengers Bangalore,Sunrisers Hyderabad,Sunrisers Hyderabad,field,Royal Challengers Bangalore,runs,14,N,NA,AY Dandekar,S Ravi
1136612,Delhi,2018-05-18,HV Patel,Feroz Shah Kotla,0,Delhi Daredevils,Chennai Super Kings,Chennai Super Kings,field,Delhi Daredevils,runs,34,N,NA,VA Kulkarni,HDPK Dharmasena
1136613,Jaipur,2018-05-19,S Gopal,Sawai Mansingh Stadium,0,Rajasthan Royals,Royal Challengers Bangalore,Rajasthan Royals,bat,Rajasthan Royals,runs,30,N,NA,BNJ Oxenford,VK Sharma
1136614,Hyderabad,2018-05-19,CA Lynn,"Rajiv Gandhi International Stadium, Uppal",0,Sunrisers Hyderabad,Kolkata Knight Riders,Sunrisers Hyderabad,bat,Kolkata Knight Riders,wickets,5,N,NA,AK Chaudhary,S Ravi
1136615,Delhi,2018-05-20,A Mishra,Feroz Shah Kotla,0,Delhi Daredevils,Mumbai Indians,Delhi Daredevils,bat,Delhi Daredevils,runs,11,N,NA,HDPK Dharmasena,CK Nandan
1136616,Pune,2018-05-20,L Ngidi,Maharashtra Cricket Association Stadium,0,Chennai Super Kings,Kings XI Punjab,Chennai Super Kings,field,Chennai Super Kings,wickets,5,N,NA,Nitin Menon,YC Barde
1136617,Mumbai,2018-05-22,F du Plessis,Wankhede Stadium,0,Sunrisers Hyderabad,Chennai Super Kings,Chennai Super Kings,field,Chennai Super Kings,wickets,2,N,NA,C Shamshuddin,M Erasmus
1136618,Kolkata,2018-05-23,AD Russell,Eden Gardens,0,Kolkata Knight Riders,Rajasthan Royals,Rajasthan Royals,field,Kolkata Knight Riders,runs,25,N,NA,AK Chaudhary,Nitin Menon
1136619,Kolkata,2018-05-25,Rashid Khan,Eden Gardens,0,Kolkata Knight Riders,Sunrisers Hyderabad,Kolkata Knight Riders,field,Sunrisers Hyderabad,runs,14,N,NA,HDPK Dharmasena,Nitin Menon
1136620,Mumbai,2018-05-27,SR Watson,Wankhede Stadium,0,Chennai Super Kings,Sunrisers Hyderabad,Chennai Super Kings,field,Chennai Super Kings,wickets,8,N,NA,M Erasmus,S Ravi
1175356,Chennai,2019-03-23,Harbhajan Singh,"MA Chidambaram Stadium, Chepauk",0,Chennai Super Kings,Royal Challengers Bangalore,Chennai Super Kings,field,Chennai Super Kings,wickets,7,N,NA,AY Dandekar,BNJ Oxenford
1175357,Kolkata,2019-03-24,AD Russell,Eden Gardens,0,Kolkata Knight Riders,Sunrisers Hyderabad,Kolkata Knight Riders,field,Kolkata Knight Riders,wickets,6,N,NA,CB Gaffaney,AK Chaudhary
1175358,Mumbai,2019-03-24,RR Pant,Wankhede Stadium,0,Mumbai Indians,Delhi Capitals,Mumbai Indians,field,Delhi Capitals,runs,37,N,NA,YC Barde,S Ravi
1175359,Jaipur,2019-03-25,CH Gayle,Sawai Mansingh Stadium,0,Rajasthan Royals,Kings XI Punjab,Rajasthan Royals,field,Kings XI Punjab,runs,14,N,NA,KN Ananthapadmanabhan,C Shamshuddin
1175360,Delhi,2019-03-26,SR Watson,Feroz Shah Kotla,0,Delhi Capitals,Chennai Super Kings,Delhi Capitals,bat,Chennai Super Kings,wickets,6,N,NA,M Erasmus,Nitin Menon
1175361,Kolkata,2019-03-27,AD Russell,Eden Gardens,0,Kolkata Knight Riders,Kings XI Punjab,Kings XI Punjab,field,Kolkata Knight Riders,runs,28,N,NA,VA Kulkarni,AK Chaudhary
1175362,Bengaluru,2019-03-28,JJ Bumrah,M.Chinnaswamy Stadium,0,Royal Challengers Bangalore,Mumbai Indians,Royal Challengers Bangalore,field,Mumbai Indians,runs,6,N,NA,CK Nandan,S Ravi
1175363,Hyderabad,2019-03-29,Rashid Khan,"Rajiv Gandhi International Stadium, Uppal",0,Sunrisers Hyderabad,Rajasthan Royals,Rajasthan Royals,bat,Sunrisers Hyderabad,wickets,5,N,NA,C Shamshuddin,BNJ Oxenford
1175364,Chandigarh,2019-03-30,MA Agarwal,"Punjab Cricket Association IS Bindra Stadium, Mohali",0,Kings XI Punjab,Mumbai Indians,Kings XI Punjab,field,Kings XI Punjab,wickets,8,N,NA,VA Kulkarni,CB Gaffaney
1175365,Delhi,2019-03-30,PP Shaw,Feroz Shah Kotla,0,Delhi Capitals,Kolkata Knight Riders,Delhi Capitals,field,Delhi Capitals,tie,NA,Y,NA,AY Dandekar,Nitin Menon
1175366,Hyderabad,2019-03-31,JM Bairstow,"Rajiv Gandhi International Stadium, Uppal",0,Sunrisers Hyderabad,Royal Challengers Bangalore,Royal Challengers Bangalore,field,Sunrisers Hyderabad,runs,118,N,NA,KN Ananthapadmanabhan,S Ravi
1175367,Chennai,2019-03-31,MS Dhoni,"MA Chidambaram Stadium, Chepauk",0,Chennai Super Kings,Rajasthan Royals,Rajasthan Royals,field,Chennai Super Kings,runs,8,N,NA,YC Barde,CK Nandan
1175368,Chandigarh,2019-04-01,SM Curran,"Punjab Cricket Association IS Bindra Stadium, Mohali",0,Kings XI Punjab,Delhi Capitals,Delhi Capitals,field,Kings XI Punjab,runs,14,N,NA,CB Gaffaney,AK Chaudhary
1175369,Jaipur,2019-04-02,S Gopal,Sawai Mansingh Stadium,0,Rajasthan Royals,Royal Challengers Bangalore,Rajasthan Royals,field,Rajasthan Royals,wickets,7,N,NA,AY Dandekar,M Erasmus
1175370,Mumbai,2019-04-03,HH Pandya,Wankhede Stadium,0,Mumbai Indians,Chennai Super Kings,Chennai Super Kings,field,Mumbai Indians,runs,37,N,NA,RJ Tucker,BNJ Oxenford
1175371,Delhi,2019-04-04,JM Bairstow,Feroz Shah Kotla,0,Delhi Capitals,Sunrisers Hyderabad,Sunrisers Hyderabad,field,Sunrisers Hyderabad,wickets,5,N,NA,KN Ananthapadmanabhan,C Shamshuddin
1175372,Bengaluru,2019-04-05,AD Russell,M.Chinnaswamy Stadium,0,Royal Challengers Bangalore,Kolkata Knight Riders,Kolkata Knight Riders,field,Kolkata Knight Riders,wickets,5,N,NA,CB Gaffaney,AK Chaudhary
1178393,Chennai,2019-04-06,Harbhajan Singh,"MA Chidambaram Stadium, Chepauk",0,Chennai Super Kings,Kings XI Punjab,Chennai Super Kings,bat,Chennai Super Kings,runs,22,N,NA,KN Ananthapadmanabhan,RJ Tucker
1178394,Hyderabad,2019-04-06,AS Joseph,"Rajiv Gandhi International Stadium, Uppal",0,Sunrisers Hyderabad,Mumbai Indians,Sunrisers Hyderabad,field,Mumbai Indians,runs,40,N,NA,AY Dandekar,Nitin Menon
1178395,Bengaluru,2019-04-07,K Rabada,M.Chinnaswamy Stadium,0,Royal Challengers Bangalore,Delhi Capitals,Delhi Capitals,field,Delhi Capitals,wickets,4,N,NA,YC Barde,S Ravi
1178396,Jaipur,2019-04-07,HF Gurney,Sawai Mansingh Stadium,0,Rajasthan Royals,Kolkata Knight Riders,Kolkata Knight Riders,field,Kolkata Knight Riders,wickets,8,N,NA,CB Gaffaney,AK Chaudhary
1178397,Chandigarh,2019-04-08,KL Rahul,"Punjab Cricket Association IS Bindra Stadium, Mohali",0,Kings XI Punjab,Sunrisers Hyderabad,Kings XI Punjab,field,Kings XI Punjab,wickets,6,N,NA,AY Dandekar,M Erasmus
1178398,Chennai,2019-04-09,DL Chahar,"MA Chidambaram Stadium, Chepauk",0,Chennai Super Kings,Kolkata Knight Riders,Chennai Super Kings,field,Chennai Super Kings,wickets,7,N,NA,RJ Tucker,C Shamshuddin
1178399,Mumbai,2019-04-10,KA Pollard,Wankhede Stadium,0,Mumbai Indians,Kings XI Punjab,Mumbai Indians,field,Mumbai Indians,wickets,3,N,NA,YC Barde,S Ravi
1178400,Jaipur,2019-04-11,MS Dhoni,Sawai Mansingh Stadium,0,Rajasthan Royals,Chennai Super Kings,Chennai Super Kings,field,Chennai Super Kings,wickets,4,N,NA,UV Gandhe,BNJ Oxenford
1178401,Kolkata,2019-04-12,S Dhawan,Eden Gardens,0,Kolkata Knight Riders,Delhi Capitals,Delhi Capitals,field,Delhi Capitals,wickets,7,N,NA,YC Barde,CK Nandan
1178402,Mumbai,2019-04-13,JC Buttler,Wankhede Stadium,0,Mumbai Indians,Rajasthan Royals,Rajasthan Royals,field,Rajasthan Royals,wickets,4,N,NA,Nitin Menon,A Nand Kishore
1178403,Chandigarh,2019-04-13,AB de Villiers,"Punjab Cricket Association IS Bindra Stadium, Mohali",0,Kings XI Punjab,Royal Challengers Bangalore,Royal Challengers Bangalore,field,Royal Challengers Bangalore,wickets,8,N,NA,UV Gandhe,S Ravi
1178404,Kolkata,2019-04-14,Imran Tahir,Eden Gardens,0,Kolkata Knight Riders,Chennai Super Kings,Chennai Super Kings,field,Chennai Super Kings,wickets,5,N,NA,RJ Tucker,CK Nandan
1178405,Hyderabad,2019-04-14,KMA Paul,"Rajiv Gandhi International Stadium, Uppal",0,Sunrisers Hyderabad,Delhi Capitals,Sunrisers Hyderabad,field,Delhi Capitals,runs,39,N,NA,BNJ Oxenford,AK Chaudhary
1178406,Mumbai,2019-04-15,SL Malinga,Wankhede Stadium,0,Mumbai Indians,Royal Challengers Bangalore,Mumbai Indians,field,Mumbai Indians,wickets,5,N,NA,M Erasmus,Nitin Menon
1178407,Chandigarh,2019-04-16,R Ashwin,"Punjab Cricket Association IS Bindra Stadium, Mohali",0,Kings XI Punjab,Rajasthan Royals,Rajasthan Royals,field,Kings XI Punjab,runs,12,N,NA,VA Kulkarni,AK Chaudhary
1178408,Hyderabad,2019-04-17,DA Warner,"Rajiv Gandhi International Stadium, Uppal",0,Sunrisers Hyderabad,Chennai Super Kings,Chennai Super Kings,bat,Sunrisers Hyderabad,wickets,6,N,NA,UV Gandhe,IJ Gould
1178409,Delhi,2019-04-18,HH Pandya,Feroz Shah Kotla,0,Delhi Capitals,Mumbai Indians,Mumbai Indians,bat,Mumbai Indians,runs,40,N,NA,BNJ Oxenford,NJ Llong
1178410,Kolkata,2019-04-19,V Kohli,Eden Gardens,0,Kolkata Knight Riders,Royal Challengers Bangalore,Kolkata Knight Riders,field,Royal Challengers Bangalore,runs,10,N,NA,IJ Gould,Nitin Menon
1178411,Jaipur,2019-04-20,SPD Smith,Sawai Mansingh Stadium,0,Rajasthan Royals,Mumbai Indians,Rajasthan Royals,field,Rajasthan Royals,wickets,5,N,NA,YC Barde,S Ravi
1178412,Delhi,2019-04-20,SS Iyer,Feroz Shah Kotla,0,Delhi Capitals,Kings XI Punjab,Delhi Capitals,field,Delhi Capitals,wickets,5,N,NA,UV Gandhe,C Shamshuddin
1178413,Hyderabad,2019-04-21,KK Ahmed,"Rajiv Gandhi International Stadium, Uppal",0,Sunrisers Hyderabad,Kolkata Knight Riders,Sunrisers Hyderabad,field,Sunrisers Hyderabad,wickets,9,N,NA,NJ Llong,Nitin Menon
1178414,Bengaluru,2019-04-21,PA Patel,M.Chinnaswamy Stadium,0,Royal Challengers Bangalore,Chennai Super Kings,Chennai Super Kings,field,Royal Challengers Bangalore,runs,1,N,NA,RJ Tucker,VA Kulkarni
1178415,Jaipur,2019-04-22,RR Pant,Sawai Mansingh Stadium,0,Rajasthan Royals,Delhi Capitals,Delhi Capitals,field,Delhi Capitals,wickets,6,N,NA,A Nand Kishore,S Ravi
1178416,Chennai,2019-04-23,SR Watson,"MA Chidambaram Stadium, Chepauk",0,Chennai Super Kings,Sunrisers Hyderabad,Chennai Super Kings,field,Chennai Super Kings,wickets,6,N,NA,NJ Llong,AK Chaudhary
1178417,Bengaluru,2019-04-24,AB de Villiers,M.Chinnaswamy Stadium,0,Royal Challengers Bangalore,Kings XI Punjab,Kings XI Punjab,field,Royal Challengers Bangalore,runs,17,N,NA,C Shamshuddin,BNJ Oxenford
1178418,Kolkata,2019-04-25,VR Aaron,Eden Gardens,0,Kolkata Knight Riders,Rajasthan Royals,Rajasthan Royals,field,Rajasthan Royals,wickets,3,N,NA,AY Dandekar,IJ Gould
1178419,Chennai,2019-04-26,RG Sharma,"MA Chidambaram Stadium, Chepauk",0,Chennai Super Kings,Mumbai Indians,Chennai Super Kings,field,Mumbai Indians,runs,46,N,NA,NJ Llong,AK Chaudhary
1178420,Jaipur,2019-04-27,JD Unadkat,Sawai Mansingh Stadium,0,Rajasthan Royals,Sunrisers Hyderabad,Rajasthan Royals,field,Rajasthan Royals,wickets,7,N,NA,YC Barde,A Nand Kishore
1178421,Delhi,2019-04-28,S Dhawan,Feroz Shah Kotla,0,Delhi Capitals,Royal Challengers Bangalore,Delhi Capitals,bat,Delhi Capitals,runs,16,N,NA,KN Ananthapadmanabhan,BNJ Oxenford
1178422,Kolkata,2019-04-28,AD Russell,Eden Gardens,0,Kolkata Knight Riders,Mumbai Indians,Mumbai Indians,field,Kolkata Knight Riders,runs,34,N,NA,IJ Gould,Nitin Menon
1178423,Hyderabad,2019-04-29,DA Warner,"Rajiv Gandhi International Stadium, Uppal",0,Sunrisers Hyderabad,Kings XI Punjab,Kings XI Punjab,field,Sunrisers Hyderabad,runs,45,N,NA,CK Nandan,S Ravi
1178424,Bengaluru,2019-04-30,NA,M.Chinnaswamy Stadium,0,Royal Challengers Bangalore,Rajasthan Royals,Rajasthan Royals,field,NA,NA,NA,NA,NA,UV Gandhe,NJ Llong
1178425,Chennai,2019-05-01,MS Dhoni,"MA Chidambaram Stadium, Chepauk",0,Chennai Super Kings,Delhi Capitals,Delhi Capitals,field,Chennai Super Kings,runs,80,N,NA,AY Dandekar,Nitin Menon
1178426,Mumbai,2019-05-02,JJ Bumrah,Wankhede Stadium,0,Mumbai Indians,Sunrisers Hyderabad,Mumbai Indians,bat,Mumbai Indians,tie,NA,Y,NA,CK Nandan,S Ravi
1178427,Chandigarh,2019-05-03,Shubman Gill,"Punjab Cricket Association IS Bindra Stadium, Mohali",0,Kings XI Punjab,Kolkata Knight Riders,Kolkata Knight Riders,field,Kolkata Knight Riders,wickets,7,N,NA,C Shamshuddin,BNJ Oxenford
1178428,Delhi,2019-05-04,A Mishra,Feroz Shah Kotla,0,Delhi Capitals,Rajasthan Royals,Rajasthan Royals,bat,Delhi Capitals,wickets,5,N,NA,AY Dandekar,IJ Gould
1178429,Bengaluru,2019-05-04,SO Hetmyer,M.Chinnaswamy Stadium,0,Royal Challengers Bangalore,Sunrisers Hyderabad,Royal Challengers Bangalore,field,Royal Challengers Bangalore,wickets,4,N,NA,NJ Llong,AK Chaudhary
1178430,Chandigarh,2019-05-05,KL Rahul,"Punjab Cricket Association IS Bindra Stadium, Mohali",0,Kings XI Punjab,Chennai Super Kings,Kings XI Punjab,field,Kings XI Punjab,wickets,6,N,NA,KN Ananthapadmanabhan,C Shamshuddin
1178431,Mumbai,2019-05-05,HH Pandya,Wankhede Stadium,0,Mumbai Indians,Kolkata Knight Riders,Mumbai Indians,field,Mumbai Indians,wickets,9,N,NA,A Nand Kishore,CK Nandan
1181764,Chennai,2019-05-07,SA Yadav,"MA Chidambaram Stadium, Chepauk",0,Mumbai Indians,Chennai Super Kings,Chennai Super Kings,bat,Mumbai Indians,wickets,6,N,NA,NJ Llong,Nitin Menon
1181766,Visakhapatnam,2019-05-08,RR Pant,Dr. Y.S. Rajasekhara Reddy ACA-VDCA Cricket Stadium,0,Delhi Capitals,Sunrisers Hyderabad,Delhi Capitals,field,Delhi Capitals,wickets,2,N,NA,BNJ Oxenford,S Ravi
1181767,Visakhapatnam,2019-05-10,F du Plessis,Dr. Y.S. Rajasekhara Reddy ACA-VDCA Cricket Stadium,0,Chennai Super Kings,Delhi Capitals,Chennai Super Kings,field,Chennai Super Kings,wickets,6,N,NA,BNJ Oxenford,S Ravi
1181768,Hyderabad,2019-05-12,JJ Bumrah,"Rajiv Gandhi International Stadium, Uppal",0,Mumbai Indians,Chennai Super Kings,Mumbai Indians,bat,Mumbai Indians,runs,1,N,NA,IJ Gould,Nitin Menon
1216492,Abu Dhabi,2020-09-19,AT Rayudu,Sheikh Zayed Stadium,0,Mumbai Indians,Chennai Super Kings,Chennai Super Kings,field,Chennai Super Kings,wickets,5,N,NA,CB Gaffaney,VK Sharma
1216493,Dubai,2020-09-20,MP Stoinis,Dubai International Cricket Stadium,0,Delhi Capitals,Kings XI Punjab,Kings XI Punjab,field,Delhi Capitals,tie,NA,Y,NA,AK Chaudhary,Nitin Menon
1216494,Abu Dhabi,2020-10-21,Mohammed Siraj,Sheikh Zayed Stadium,0,Kolkata Knight Riders,Royal Challengers Bangalore,Kolkata Knight Riders,bat,Royal Challengers Bangalore,wickets,8,N,NA,VK Sharma,S Ravi
1216495,Sharjah,2020-11-03,S Nadeem,Sharjah Cricket Stadium,0,Mumbai Indians,Sunrisers Hyderabad,Sunrisers Hyderabad,field,Sunrisers Hyderabad,wickets,10,N,NA,C Shamshuddin,RK Illingworth
1216496,Sharjah,2020-09-22,SV Samson,Sharjah Cricket Stadium,0,Rajasthan Royals,Chennai Super Kings,Chennai Super Kings,field,Rajasthan Royals,runs,16,N,NA,C Shamshuddin,VA Kulkarni
1216497,Abu Dhabi,2020-10-24,CV Varun,Sheikh Zayed Stadium,0,Kolkata Knight Riders,Delhi Capitals,Delhi Capitals,field,Kolkata Knight Riders,runs,59,N,NA,CB Gaffaney,PG Pathak
1216498,Dubai,2020-10-24,CJ Jordan,Dubai International Cricket Stadium,0,Kings XI Punjab,Sunrisers Hyderabad,Sunrisers Hyderabad,field,Kings XI Punjab,runs,12,N,NA,AY Dandekar,PR Reiffel
1216499,Abu Dhabi,2020-10-28,SA Yadav,Sheikh Zayed Stadium,0,Royal Challengers Bangalore,Mumbai Indians,Mumbai Indians,field,Mumbai Indians,wickets,5,N,NA,UV Gandhe,CB Gaffaney
1216500,Sharjah,2020-10-09,R Ashwin,Sharjah Cricket Stadium,0,Delhi Capitals,Rajasthan Royals,Rajasthan Royals,field,Delhi Capitals,runs,46,N,NA,KN Ananthapadmanabhan,C Shamshuddin
1216501,Abu Dhabi,2020-10-07,RA Tripathi,Sheikh Zayed Stadium,0,Kolkata Knight Riders,Chennai Super Kings,Kolkata Knight Riders,bat,Kolkata Knight Riders,runs,10,N,NA,KN Ananthapadmanabhan,RK Illingworth
1216502,Sharjah,2020-10-31,Sandeep Sharma,Sharjah Cricket Stadium,0,Royal Challengers Bangalore,Sunrisers Hyderabad,Sunrisers Hyderabad,field,Sunrisers Hyderabad,wickets,5,N,NA,KN Ananthapadmanabhan,K Srinivasan
1216503,Abu Dhabi,2020-10-01,KA Pollard,Sheikh Zayed Stadium,0,Mumbai Indians,Kings XI Punjab,Kings XI Punjab,field,Mumbai Indians,runs,48,N,NA,VK Sharma,S Ravi
1216504,Dubai,2020-09-30,Shivam Mavi,Dubai International Cricket Stadium,0,Kolkata Knight Riders,Rajasthan Royals,Rajasthan Royals,field,Kolkata Knight Riders,runs,37,N,NA,KN Ananthapadmanabhan,C Shamshuddin
1216505,Abu Dhabi,2020-11-02,A Nortje,Sheikh Zayed Stadium,0,Royal Challengers Bangalore,Delhi Capitals,Delhi Capitals,field,Delhi Capitals,wickets,6,N,NA,CB Gaffaney,S Ravi
1216506,Abu Dhabi,2020-11-01,RD Gaikwad,Sheikh Zayed Stadium,0,Kings XI Punjab,Chennai Super Kings,Chennai Super Kings,field,Chennai Super Kings,wickets,9,N,NA,PG Pathak,VK Sharma
1216507,Dubai,2020-10-11,R Tewatia,Dubai International Cricket Stadium,0,Sunrisers Hyderabad,Rajasthan Royals,Sunrisers Hyderabad,bat,Rajasthan Royals,wickets,5,N,NA,YC Barde,PR Reiffel
1216508,Abu Dhabi,2020-09-23,RG Sharma,Sheikh Zayed Stadium,0,Mumbai Indians,Kolkata Knight Riders,Kolkata Knight Riders,field,Mumbai Indians,runs,49,N,NA,CB Gaffaney,S Ravi
1216509,Sharjah,2020-10-17,S Dhawan,Sharjah Cricket Stadium,0,Chennai Super Kings,Delhi Capitals,Chennai Super Kings,bat,Delhi Capitals,wickets,5,N,NA,KN Ananthapadmanabhan,RK Illingworth
1216510,Dubai,2020-09-24,KL Rahul,Dubai International Cricket Stadium,0,Kings XI Punjab,Royal Challengers Bangalore,Royal Challengers Bangalore,field,Kings XI Punjab,runs,97,N,NA,AK Chaudhary,PR Reiffel
1216511,Abu Dhabi,2020-10-06,SA Yadav,Sheikh Zayed Stadium,0,Mumbai Indians,Rajasthan Royals,Mumbai Indians,bat,Mumbai Indians,runs,57,N,NA,VK Sharma,S Ravi
1216512,Abu Dhabi,2020-10-18,LH Ferguson,Sheikh Zayed Stadium,0,Kolkata Knight Riders,Sunrisers Hyderabad,Sunrisers Hyderabad,field,Kolkata Knight Riders,tie,NA,Y,NA,PG Pathak,S Ravi
1216513,Dubai,2020-10-04,SR Watson,Dubai International Cricket Stadium,0,Kings XI Punjab,Chennai Super Kings,Kings XI Punjab,bat,Chennai Super Kings,wickets,10,N,NA,AY Dandekar,Nitin Menon
1216514,Abu Dhabi,2020-10-03,YS Chahal,Sheikh Zayed Stadium,0,Rajasthan Royals,Royal Challengers Bangalore,Rajasthan Royals,bat,Royal Challengers Bangalore,wickets,8,N,NA,CB Gaffaney,S Ravi
1216515,Sharjah,2020-10-03,SS Iyer,Sharjah Cricket Stadium,0,Delhi Capitals,Kolkata Knight Riders,Kolkata Knight Riders,field,Delhi Capitals,runs,18,N,NA,VA Kulkarni,RK Illingworth
1216516,Dubai,2020-10-02,PK Garg,Dubai International Cricket Stadium,0,Sunrisers Hyderabad,Chennai Super Kings,Sunrisers Hyderabad,bat,Sunrisers Hyderabad,runs,7,N,NA,AK Chaudhary,PR Reiffel
1216517,Dubai,2020-10-18,KL Rahul,Dubai International Cricket Stadium,0,Mumbai Indians,Kings XI Punjab,Mumbai Indians,bat,Kings XI Punjab,tie,NA,Y,NA,Nitin Menon,PR Reiffel
1216518,Dubai,2020-10-22,MK Pandey,Dubai International Cricket Stadium,0,Rajasthan Royals,Sunrisers Hyderabad,Sunrisers Hyderabad,field,Sunrisers Hyderabad,wickets,8,N,NA,Nitin Menon,PR Reiffel
1216519,Dubai,2020-10-05,AR Patel,Dubai International Cricket Stadium,0,Delhi Capitals,Royal Challengers Bangalore,Royal Challengers Bangalore,field,Delhi Capitals,runs,59,N,NA,Nitin Menon,YC Barde
1216520,Sharjah,2020-10-26,CH Gayle,Sharjah Cricket Stadium,0,Kolkata Knight Riders,Kings XI Punjab,Kings XI Punjab,field,Kings XI Punjab,wickets,8,N,NA,KN Ananthapadmanabhan,RK Illingworth
1216521,Sharjah,2020-10-23,TA Boult,Sharjah Cricket Stadium,0,Chennai Super Kings,Mumbai Indians,Mumbai Indians,field,Mumbai Indians,wickets,10,N,NA,C Shamshuddin,VA Kulkarni
1216522,Dubai,2020-10-17,AB de Villiers,Dubai International Cricket Stadium,0,Rajasthan Royals,Royal Challengers Bangalore,Rajasthan Royals,bat,Royal Challengers Bangalore,wickets,7,N,NA,AK Chaudhary,Nitin Menon
1216523,Abu Dhabi,2020-10-10,KD Karthik,Sheikh Zayed Stadium,0,Kolkata Knight Riders,Kings XI Punjab,Kolkata Knight Riders,bat,Kolkata Knight Riders,runs,2,N,NA,UV Gandhe,CB Gaffaney
1216524,Dubai,2020-10-27,WP Saha,Dubai International Cricket Stadium,0,Sunrisers Hyderabad,Delhi Capitals,Delhi Capitals,field,Sunrisers Hyderabad,runs,88,N,NA,AK Chaudhary,Nitin Menon
1216525,Dubai,2020-10-10,V Kohli,Dubai International Cricket Stadium,0,Royal Challengers Bangalore,Chennai Super Kings,Royal Challengers Bangalore,bat,Royal Challengers Bangalore,runs,37,N,NA,AK Chaudhary,PR Reiffel
1216526,Abu Dhabi,2020-10-16,Q de Kock,Sheikh Zayed Stadium,0,Kolkata Knight Riders,Mumbai Indians,Kolkata Knight Riders,bat,Mumbai Indians,wickets,8,N,NA,CB Gaffaney,VK Sharma
1216527,Sharjah,2020-09-27,SV Samson,Sharjah Cricket Stadium,0,Kings XI Punjab,Rajasthan Royals,Rajasthan Royals,field,Rajasthan Royals,wickets,4,N,NA,RK Illingworth,K Srinivasan
1216528,Dubai,2020-10-13,RA Jadeja,Dubai International Cricket Stadium,0,Chennai Super Kings,Sunrisers Hyderabad,Chennai Super Kings,bat,Chennai Super Kings,runs,20,N,NA,AK Chaudhary,PR Reiffel
1216529,Abu Dhabi,2020-10-11,Q de Kock,Sheikh Zayed Stadium,0,Delhi Capitals,Mumbai Indians,Delhi Capitals,bat,Mumbai Indians,wickets,5,N,NA,CB Gaffaney,S Ravi
1216530,Dubai,2020-11-01,PJ Cummins,Dubai International Cricket Stadium,0,Kolkata Knight Riders,Rajasthan Royals,Rajasthan Royals,field,Kolkata Knight Riders,runs,60,N,NA,Nitin Menon,PR Reiffel
1216531,Sharjah,2020-10-15,KL Rahul,Sharjah Cricket Stadium,0,Royal Challengers Bangalore,Kings XI Punjab,Royal Challengers Bangalore,bat,Kings XI Punjab,wickets,8,N,NA,KN Ananthapadmanabhan,C Shamshuddin
1216532,Abu Dhabi,2020-09-29,Rashid Khan,Sheikh Zayed Stadium,0,Sunrisers Hyderabad,Delhi Capitals,Delhi Capitals,field,Sunrisers Hyderabad,runs,15,N,NA,VK Sharma,S Ravi
1216533,Abu Dhabi,2020-10-19,JC Buttler,Sheikh Zayed Stadium,0,Chennai Super Kings,Rajasthan Royals,Chennai Super Kings,bat,Rajasthan Royals,wickets,7,N,NA,CB Gaffaney,VK Sharma
1216534,Dubai,2020-09-21,YS Chahal,Dubai International Cricket Stadium,0,Royal Challengers Bangalore,Sunrisers Hyderabad,Sunrisers Hyderabad,field,Royal Challengers Bangalore,runs,10,N,NA,AY Dandekar,Nitin Menon
1216535,Dubai,2020-10-31,Ishan Kishan,Dubai International Cricket Stadium,0,Delhi Capitals,Mumbai Indians,Mumbai Indians,field,Mumbai Indians,wickets,9,N,NA,YC Barde,PR Reiffel
1216536,Dubai,2020-10-29,RD Gaikwad,Dubai International Cricket Stadium,0,Kolkata Knight Riders,Chennai Super Kings,Chennai Super Kings,field,Chennai Super Kings,wickets,6,N,NA,C Shamshuddin,RK Illingworth
1216537,Abu Dhabi,2020-10-30,BA Stokes,Sheikh Zayed Stadium,0,Kings XI Punjab,Rajasthan Royals,Rajasthan Royals,field,Rajasthan Royals,wickets,7,N,NA,CB Gaffaney,S Ravi
1216538,Sharjah,2020-10-04,TA Boult,Sharjah Cricket Stadium,0,Mumbai Indians,Sunrisers Hyderabad,Mumbai Indians,bat,Mumbai Indians,runs,34,N,NA,KN Ananthapadmanabhan,RK Illingworth
1216539,Dubai,2020-09-25,PP Shaw,Dubai International Cricket Stadium,0,Delhi Capitals,Chennai Super Kings,Chennai Super Kings,field,Delhi Capitals,runs,44,N,NA,KN Ananthapadmanabhan,RK Illingworth
1216540,Sharjah,2020-10-12,AB de Villiers,Sharjah Cricket Stadium,0,Royal Challengers Bangalore,Kolkata Knight Riders,Royal Challengers Bangalore,bat,Royal Challengers Bangalore,runs,82,N,NA,RK Illingworth,K Srinivasan
1216541,Abu Dhabi,2020-10-25,BA Stokes,Sheikh Zayed Stadium,0,Mumbai Indians,Rajasthan Royals,Mumbai Indians,bat,Rajasthan Royals,wickets,8,N,NA,UV Gandhe,VK Sharma
1216542,Dubai,2020-10-08,JM Bairstow,Dubai International Cricket Stadium,0,Sunrisers Hyderabad,Kings XI Punjab,Sunrisers Hyderabad,bat,Sunrisers Hyderabad,runs,69,N,NA,AK Chaudhary,Nitin Menon
1216543,Dubai,2020-10-14,A Nortje,Dubai International Cricket Stadium,0,Delhi Capitals,Rajasthan Royals,Delhi Capitals,bat,Delhi Capitals,runs,13,N,NA,AK Chaudhary,Nitin Menon
1216544,Dubai,2020-10-25,RD Gaikwad,Dubai International Cricket Stadium,0,Royal Challengers Bangalore,Chennai Super Kings,Royal Challengers Bangalore,bat,Chennai Super Kings,wickets,8,N,NA,C Shamshuddin,RK Illingworth
1216545,Abu Dhabi,2020-09-26,Shubman Gill,Sheikh Zayed Stadium,0,Sunrisers Hyderabad,Kolkata Knight Riders,Sunrisers Hyderabad,bat,Kolkata Knight Riders,wickets,7,N,NA,CB Gaffaney,VK Sharma
1216546,Dubai,2020-10-20,S Dhawan,Dubai International Cricket Stadium,0,Delhi Capitals,Kings XI Punjab,Delhi Capitals,bat,Kings XI Punjab,wickets,5,N,NA,C Shamshuddin,RK Illingworth
1216547,Dubai,2020-09-28,AB de Villiers,Dubai International Cricket Stadium,0,Royal Challengers Bangalore,Mumbai Indians,Mumbai Indians,field,Royal Challengers Bangalore,tie,NA,Y,NA,Nitin Menon,PR Reiffel
1237177,Dubai,2020-11-05,JJ Bumrah,Dubai International Cricket Stadium,0,Mumbai Indians,Delhi Capitals,Delhi Capitals,field,Mumbai Indians,runs,57,N,NA,CB Gaffaney,Nitin Menon
1237178,Abu Dhabi,2020-11-06,KS Williamson,Sheikh Zayed Stadium,0,Royal Challengers Bangalore,Sunrisers Hyderabad,Sunrisers Hyderabad,field,Sunrisers Hyderabad,wickets,6,N,NA,PR Reiffel,S Ravi
1237180,Abu Dhabi,2020-11-08,MP Stoinis,Sheikh Zayed Stadium,0,Delhi Capitals,Sunrisers Hyderabad,Delhi Capitals,bat,Delhi Capitals,runs,17,N,NA,PR Reiffel,S Ravi
1237181,Dubai,2020-11-10,TA Boult,Dubai International Cricket Stadium,0,Delhi Capitals,Mumbai Indians,Delhi Capitals,bat,Mumbai Indians,wickets,5,N,NA,CB Gaffaney,Nitin Menon